Job ID,Job Title,Company Name,Domain
10241,Business Intelligence Developer Intern,Citigroup,Business Intelligence
10680,Data Science Intern,Wal-Mart Stores,Data Science
10346,Software Engineering Intern,General Electric,Software Engineering
11468,Web Developer Intern,Walt Disney,Web Development
11741,Web Developer Intern,Wal-Mart Stores,Web Development
11712,Software Engineering Intern,Apple,Software Engineering
10557,Software Engineering Intern,Oracle,Software Engineering
11682,Software Engineering Intern,Microsoft,Software Engineering
11341,Application Developer Intern,BMW Group,Web Development
